Timestamp,User Count,Type,Name,Requests/s,Failures/s,50%,66%,75%,80%,90%,95%,98%,99%,99.9%,99.99%,100%,Total Request Count,Total Failure Count,Total Median Response Time,Total Average Response Time,Total Min Response Time,Total Max Response Time,Total Average Content Size
1791291746,0,,Aggregated,0.000000,0.000000,N/A,N/A,N/A,N/A,N/A,N/A,N/A,N/A,N/A,N/A,N/A,0,0,0,0.0,0,0,0
1791291747,5,,Aggregated,0.000000,0.000000,14,14,15,17,21,21,21,21,21,21,21,10,0,14,13.8131895999976,9.925101999982644,20.69437899999116,115.0
1791291748,10,,Aggregated,0.000000,0.000000,14,14,15,16,20,21,21,21,21,21,21,20,0,14,13.57826530000068,7.699749000011025,20.69437899999116,115.0
1791291749,15,,Aggregated,0.000000,0.000000,14,15,17,18,20,21,21,21,21,21,21,30,0,14,14.344434166667005,7.699749000011025,21.268929000001435,115.0
1791291750,20,,Aggregated,10.000000,0.000000,14,16,18,18,21,23,23,23,23,23,23,40,0,14,14.978795925000554,7.699749000011025,22.875655999996525,115.0
1791291751,20,,Aggregated,10.000000,0.000000,14,16,18,18,21,23,23,23,23,23,23,40,0,14,14.978795925000554,7.699749000011025,22.875655999996525,115.0
1791291752,20,,Aggregated,10.000000,0.000000,14,15,17,18,20,21,23,23,23,23,23,45,0,14,14.784482622221478,7.699749000011025,22.875655999996525,115.0
1791291753,20,,Aggregated,10.000000,0.000000,14,15,17,18,20,21,23,23,23,23,23,50,0,14,14.678281099999708,7.699749000011025,22.875655999996525,115.0
1791291754,20,,Aggregated,8.000000,0.000000,14,14,16,18,20,21,23,23,23,23,23,55,0,14,14.48023098181879,7.699749000011025,22.875655999996525,115.0
1791291755,20,,Aggregated,7.500000,0.000000,14,14,16,17,20,21,23,23,23,23,23,60,0,14,14.361261733334155,7.699749000011025,22.875655999996525,115.0
1791291756,20,,Aggregated,7.500000,0.000000,14,14,16,17,20,21,23,23,23,23,23,60,0,14,14.361261733334155,7.699749000011025,22.875655999996525,115.0
1791291757,20,,Aggregated,6.875000,0.000000,13,14,15,17,19,21,23,23,23,23,23,65,0,13,14.274172169231965,7.699749000011025,22.875655999996525,115.0
1791291758,20,,Aggregated,6.666667,0.000000,13,14,15,16,19,21,23,23,23,23,23,70,0,13,14.16382482857281,7.699749000011025,22.875655999996525,115.0
1791291759,20,,Aggregated,6.000000,0.000000,13,14,15,16,18,21,23,23,23,23,23,75,0,13,14.256176640001286,7.699749000011025,22.875655999996525,115.0
1791291760,20,,Aggregated,5.500000,0.000000,14,14,15,16,18,21,23,23,23,23,23,80,0,14,14.269038712500759,7.699749000011025,22.875655999996525,115.0
1791291761,20,,Aggregated,4.500000,0.000000,13,14,15,16,18,20,23,23,23,23,23,85,0,13,14.187375964706582,7.699749000011025,22.875655999996525,115.0
1791291762,20,,Aggregated,4.000000,0.000000,13,14,15,15,18,20,23,23,23,23,23,90,0,13,14.16632875555624,7.699749000011025,22.875655999996525,115.0
1791291763,20,,Aggregated,4.000000,0.000000,13,14,15,15,18,20,23,23,23,23,23,95,0,13,14.130379136841947,7.699749000011025,22.875655999996525,115.0
1791291764,20,,Aggregated,4.000000,0.000000,13,14,15,15,18,20,23,23,23,23,23,100,0,13,14.049145189999876,7.699749000011025,22.875655999996525,115.0
1791291765,20,,Aggregated,4.000000,0.000000,13,14,15,15,18,20,23,23,23,23,23,100,0,13,14.049145189999876,7.699749000011025,22.875655999996525,115.0
1791291766,20,,Aggregated,4.000000,0.000000,13,14,14,15,18,20,21,23,23,23,23,105,0,13,14.003302695237792,7.699749000011025,22.875655999996525,115.0
1791291767,20,,Aggregated,4.000000,0.000000,13,14,14,15,18,20,21,23,23,23,23,110,0,13,13.946876409090692,7.699749000011025,22.875655999996525,115.0
1791291768,20,,Aggregated,4.000000,0.000000,13,14,14,15,17,20,21,23,23,23,23,115,0,13,13.904578043478404,7.699749000011025,22.875655999996525,115.0
1791291769,20,,Aggregated,4.000000,0.000000,13,14,14,15,17,20,21,23,23,23,23,120,0,13,13.879345191666914,7.699749000011025,22.875655999996525,115.0
1791291770,20,,Aggregated,4.000000,0.000000,13,14,14,15,17,20,21,23,23,23,23,120,0,13,13.879345191666914,7.699749000011025,22.875655999996525,115.0
1791291771,20,,Aggregated,4.000000,0.000000,13,14,14,15,17,19,21,23,23,23,23,125,0,13,13.84220604000052,7.699749000011025,22.875655999996525,115.0
1791291772,20,,Aggregated,4.000000,0.000000,13,14,14,15,17,19,21,23,23,23,23,130,0,13,13.840576923077755,7.699749000011025,22.875655999996525,115.0
1791291773,20,,Aggregated,4.000000,0.000000,13,14,14,14,16,19,21,23,23,23,23,135,0,13,13.824567785186277,7.699749000011025,22.875655999996525,115.0
1791291774,20,,Aggregated,4.000000,0.000000,13,14,14,14,16,19,21,23,23,23,23,140,0,13,13.794796585715526,7.699749000011025,22.875655999996525,115.0
1791291775,20,,Aggregated,4.000000,0.000000,13,14,14,14,16,19,21,23,23,23,23,140,0,13,13.794796585715526,7.699749000011025,22.875655999996525,115.0
1791291776,20,,Aggregated,4.000000,0.000000,13,14,14,15,17,18,21,23,23,23,23,145,0,13,13.896133055173573,7.699749000011025,22.875655999996525,115.0
1791291777,20,,Aggregated,4.000000,0.000000,13,14,14,15,17,18,21,23,23,23,23,150,0,13,13.850163333334343,7.699749000011025,22.875655999996525,115.0
1791291778,20,,Aggregated,4.000000,0.000000,13,14,14,15,17,18,21,23,23,23,23,155,0,13,13.823519019355727,7.699749000011025,22.875655999996525,115.0
1791291779,20,,Aggregated,4.000000,0.000000,13,14,14,14,17,18,21,23,23,23,23,160,0,13,13.783100681250811,7.699749000011025,22.875655999996525,115.0
1791291780,20,,Aggregated,4.000000,0.000000,13,14,14,14,17,18,21,23,23,23,23,160,0,13,13.783100681250811,7.699749000011025,22.875655999996525,115.0
1791291781,20,,Aggregated,4.000000,0.000000,13,14,14,15,17,18,21,23,23,23,23,165,0,13,13.899625321212646,7.699749000011025,22.875655999996525,115.0
1791291782,20,,Aggregated,4.000000,0.000000,13,14,14,15,17,18,21,23,23,23,23,170,0,13,13.862942011765332,7.699749000011025,22.875655999996525,115.0
1791291783,20,,Aggregated,4.000000,0.000000,13,14,14,15,17,18,21,23,23,23,23,175,0,13,13.82838821714374,7.699749000011025,22.875655999996525,115.0
1791291784,20,,Aggregated,4.000000,0.000000,13,14,14,15,17,18,21,23,23,23,23,180,0,13,13.812011716667561,7.699749000011025,22.875655999996525,115.0
1791291785,20,,Aggregated,4.000000,0.000000,13,14,14,15,17,18,21,23,23,23,23,180,0,13,13.812011716667561,7.699749000011025,22.875655999996525,115.0
1791291786,20,,Aggregated,4.000000,0.000000,13,14,14,14,17,18,21,23,23,23,23,185,0,13,13.790279135136135,7.699749000011025,22.875655999996525,115.0
1791291787,20,,Aggregated,4.000000,0.000000,13,14,14,15,18,19,21,23,23,23,23,190,0,13,13.92537721052737,7.699749000011025,22.875655999996525,115.0
1791291788,20,,Aggregated,4.000000,0.000000,13,14,14,15,18,19,21,23,23,23,23,195,0,13,13.997013574359936,7.699749000011025,22.875655999996525,115.0
1791291789,20,,Aggregated,4.000000,0.000000,13,14,14,15,18,19,21,23,23,23,23,200,0,13,13.959292095000949,7.699749000011025,22.875655999996525,115.0
1791291790,20,,Aggregated,4.000000,0.000000,13,14,14,15,18,19,21,23,23,23,23,200,0,13,13.959292095000949,7.699749000011025,22.875655999996525,115.0
1791291791,20,,Aggregated,4.000000,0.000000,13,14,14,15,17,18,20,21,23,23,23,205,0,13,13.923709863415628,7.699749000011025,22.875655999996525,115.0
1791291792,20,,Aggregated,4.000000,0.000000,13,14,14,15,17,18,20,21,23,23,23,210,0,13,13.936043771429588,7.699749000011025,22.875655999996525,115.0
1791291793,20,,Aggregated,4.000000,0.000000,13,14,14,15,17,18,20,21,23,23,23,215,0,13,13.919597576745112,7.699749000011025,22.875655999996525,115.0
1791291794,20,,Aggregated,4.000000,0.000000,13,14,14,15,17,18,20,21,23,23,23,220,0,13,13.899498545455257,7.699749000011025,22.875655999996525,115.0
1791291795,20,,Aggregated,4.000000,0.000000,13,14,14,15,17,18,20,21,23,23,23,220,0,13,13.899498545455257,7.699749000011025,22.875655999996525,115.0
1791291796,20,,Aggregated,4.000000,0.000000,13,14,14,15,17,18,20,21,23,23,23,225,0,13,13.876150688889377,7.699749000011025,22.875655999996525,115.0
1791291797,20,,Aggregated,4.000000,0.000000,13,14,14,15,17,18,20,21,23,23,23,230,0,13,13.856907195652646,7.699749000011025,22.875655999996525,115.0
1791291798,20,,Aggregated,4.000000,0.000000,13,14,14,15,18,20,22,23,23,23,23,235,0,13,14.041245004255847,7.699749000011025,22.882839999994076,115.0
1791291799,20,,Aggregated,4.000000,0.000000,13,14,14,15,18,20,22,23,23,23,23,240,0,13,14.010255320833892,7.699749000011025,22.882839999994076,115.0
1791291800,20,,Aggregated,4.000000,0.000000,13,14,14,15,18,20,22,23,23,23,23,240,0,13,14.010255320833892,7.699749000011025,22.882839999994076,115.0
1791291801,20,,Aggregated,4.000000,0.000000,13,14,14,15,18,19,22,23,23,23,23,245,0,13,13.98137602449033,7.699749000011025,22.882839999994076,115.0
1791291802,20,,Aggregated,4.000000,0.000000,13,14,14,15,18,19,22,23,23,23,23,250,0,13,13.948281364000417,7.699749000011025,22.882839999994076,115.0
1791291803,20,,Aggregated,4.000000,0.000000,13,14,14,15,17,19,22,23,23,23,23,255,0,13,13.928157964706282,7.699749000011025,22.882839999994076,115.0
1791291804,20,,Aggregated,4.000000,0.000000,13,14,14,15,17,19,22,23,23,23,23,260,0,13,13.949846361538766,7.699749000011025,22.882839999994076,115.0
1791291805,20,,Aggregated,4.000000,0.000000,13,14,14,15,17,19,22,23,23,23,23,260,0,13,13.949846361538766,7.699749000011025,22.882839999994076,115.0
